id,profile_picture,username,full_name
2933929096,https://scontent.cdninstagram.com/t51.2885-19/s150x150/15056758_104032333415644_3164550479426355200_a.jpg,ayudityapr,Annisa Yuditya Pratiwi
1946021982,https://scontent.cdninstagram.com/t51.2885-19/21980703_2223472127879247_3715135041613856768_n.jpg,sdhardiyanto,Sigit Dwi Hardiyanto
3801061644,https://scontent.cdninstagram.com/t51.2885-19/s150x150/21910043_1483789835048917_5750295274664755200_n.jpg,enoted.id,Media Berbagi Inspirasi
195577460,https://scontent.cdninstagram.com/t51.2885-19/s150x150/17438399_1318922718186096_5513903130846167040_a.jpg,ripasfilqadar,RIPAS FILQADAR
323074165,https://scontent.cdninstagram.com/t51.2885-19/s150x150/13150813_1708524319402278_1186912416_a.jpg,giscacla,GISCA CLARISA PUTRI
1523116859,https://scontent.cdninstagram.com/t51.2885-19/s150x150/12556006_535534816620564_1380545753_a.jpg,nur.aidil_f.m,Nur Aidil Fitra M
403902478,https://scontent.cdninstagram.com/t51.2885-19/s150x150/20905583_165776943980086_5921643995666055168_a.jpg,ricarnando,Ricarnando Sitohang
1988823422,https://scontent.cdninstagram.com/t51.2885-19/s150x150/16463972_188434791638058_7672758026884874240_a.jpg,k.sadrina,Khaira Sadrina Indah
286408835,https://scontent.cdninstagram.com/t51.2885-19/s150x150/24126785_2038208949797656_8391881533878697984_n.jpg,marissaabdul,Marissa Ika Puspitasari
210815849,https://scontent.cdninstagram.com/t51.2885-19/s150x150/16230910_772399376241200_4654131028435140608_n.jpg,citradwisr,Caca Dwi SR
296861962,https://scontent.cdninstagram.com/t51.2885-19/s150x150/23596438_1547504268664242_2833942528548405248_n.jpg,aghifarii,
338193833,https://scontent.cdninstagram.com/t51.2885-19/s150x150/21435878_1997584080521781_3540392403095519232_a.jpg,sriwidiii,
5603314322,https://scontent.cdninstagram.com/t51.2885-19/s150x150/19120815_352435128505693_6192539518738890752_a.jpg,muhammad_dzul_fadhli,Muhammad Dzul Fadhli
270318693,https://scontent.cdninstagram.com/t51.2885-19/s150x150/20181051_296379774104794_745182598292045824_a.jpg,glankitugilang,Gilang Yandeza
387046541,https://scontent.cdninstagram.com/t51.2885-19/s150x150/25015418_917141948460033_2150220426930814976_n.jpg,reersti,Renette Ersti
485432780,https://scontent.cdninstagram.com/t51.2885-19/s150x150/19623258_273941546406128_9176337905830854656_a.jpg,nofalmade,Sang Made Naufal C M
1400446216,https://scontent.cdninstagram.com/t51.2885-19/s150x150/22708803_138095386823917_6709356081677598720_n.jpg,ziamaulidinasp,Zia Maulidina
2200515491,https://scontent.cdninstagram.com/t51.2885-19/s150x150/24274819_376280436149835_8522136024971739136_n.jpg,marinianwar,MARINI 🌸
4273473929,https://scontent.cdninstagram.com/t51.2885-19/s150x150/15538118_1836754299938771_5614011942273286144_a.jpg,nawirmulyani,Mulyani Nawir
5375491730,https://scontent.cdninstagram.com/t51.2885-19/s150x150/21568498_848049982025214_6985569092090462208_n.jpg,tr.mirandy,TR Mirandy Asmadi
